<?xml version="1.0" encoding="UTF-8"?><?xml-stylesheet type='text/xsl' href='_UpgradeReport_Files/UpgradeReport.xslt'?><UpgradeLog>
<Properties><Property Name="Solution" Value="WebSite1">
</Property><Property Name="Solution File" Value="D:\6th sem project\WebSite1\WebSite1.sln">
</Property><Property Name="Date" Value="Tuesday, February 09, 2010">
</Property><Property Name="Time" Value="13:38 PM">
</Property></Properties><Event ErrorLevel="2" Project="E:\Project_1st_Review\WebSite1\" Source="E:\Project_1st_Review\WebSite1\" Description="The operation could not be completed. Element not found. ">
</Event><Event ErrorLevel="0" Project="" Source="WebSite1.sln" Description="Solution converted successfully">
</Event><Event ErrorLevel="3" Project="" Source="WebSite1.sln" Description="Converted">
</Event></UpgradeLog>